,SAMPLE_TIMESTAMP
0,2021_05_03 10_36_41
1,2021_05_07 00_52_10
2,2021_05_07 11_31_11
3,2021_05_08 20_46_44
4,2021_05_10 12_20_33
5,2021_05_12 02_12_11
6,2021_05_12 11_56_01
7,2021_05_13 21_17_48
8,2021_05_14 11_26_44
9,2021_05_15 20_39_27
10,2021_05_17 12_20_04
11,2021_05_19 09_20_34
12,2021_05_19 09_20_34
13,2021_05_20 20_53_04
14,2021_05_21 11_08_56
15,2021_05_22 20_50_23
16,2021_05_24 11_43_47
17,2021_05_25 20_54_48
18,2021_05_26 10_24_29
19,2021_05_27 23_15_10
20,2021_05_28 12_31_08
21,2021_05_29 20_37_56
