,time,latitude,longitude,u10,v10,cdww,mwp,pp1d,shww,dwww,wsk,wsp,wss
261703,2021/5/21 11:00,35.0,120.0,-4.050722216,4.937955276,--,--,--,--,--,--,--,--
261704,2021/5/21 11:00,35.0,120.25,-3.3418035,5.498565461,--,--,--,--,--,--,--,--
261705,2021/5/21 11:00,35.0,120.5,-2.589686254,5.76200141,--,--,--,--,--,--,--,--
261706,2021/5/21 11:00,35.0,120.75,-1.856468365,5.680197615,--,--,--,--,--,--,--,--
261707,2021/5/21 11:00,35.0,121.0,-1.159120683,5.294287059,--,--,--,--,--,--,--,--
261708,2021/5/21 11:00,35.0,121.25,-0.626853094,4.896822295,--,--,--,--,--,--,--,--
261709,2021/5/21 11:00,35.0,121.5,-0.079928861,4.448519014,--,--,--,--,--,--,--,--
261710,2021/5/21 11:00,35.0,121.75,0.465838269,3.950763721,--,--,--,--,--,--,--,--
261711,2021/5/21 11:00,35.0,122.0,0.995020248,3.428051339,--,--,--,--,--,--,--,--
261712,2021/5/21 11:00,35.0,122.25,1.464804251,2.933993394,--,--,--,--,--,--,--,--
261713,2021/5/21 11:00,35.0,122.5,1.933816851,2.348888287,--,--,--,--,--,--,--,--
261714,2021/5/21 11:00,35.0,122.75,2.31180398,1.681055049,--,--,--,--,--,--,--,--
261715,2021/5/21 11:00,35.0,123.0,2.572537958,0.966080641,--,--,--,--,--,--,--,--
261716,2021/5/21 11:00,35.0,123.25,2.681691384,0.291314878,--,--,--,--,--,--,--,--
261717,2021/5/21 11:00,35.0,123.5,2.791230511,-0.300260585,--,--,--,--,--,--,--,--
261718,2021/5/21 11:00,35.0,123.75,2.911183569,-0.776756134,--,--,--,--,--,--,--,--
261719,2021/5/21 11:00,35.0,124.0,3.063535524,-1.095190114,--,--,--,--,--,--,--,--
261720,2021/5/21 11:00,35.0,124.25,3.302670238,-1.347996191,--,--,--,--,--,--,--,--
261721,2021/5/21 11:00,35.0,124.5,3.540262148,-1.584626376,--,--,--,--,--,--,--,--
261722,2021/5/21 11:00,35.0,124.75,3.738512539,-1.829575592,--,--,--,--,--,--,--,--
261723,2021/5/21 11:00,35.0,125.0,3.894721506,-2.078684322,--,--,--,--,--,--,--,--
261724,2021/5/21 11:00,35.0,125.25,3.827223804,-2.313928002,--,--,--,--,--,--,--,--
261725,2021/5/21 11:00,35.0,125.5,3.716913275,-2.658705577,--,--,--,--,--,--,--,--
261726,2021/5/21 11:00,35.0,125.75,3.566489826,-2.99285328,--,--,--,--,--,--,--,--
261727,2021/5/21 11:00,35.0,126.0,3.394467112,-3.205450713,--,--,--,--,--,--,--,--
261728,2021/5/21 11:00,35.0,126.25,2.68361989,-2.536693138,--,--,--,--,--,--,--,--
261729,2021/5/21 11:00,35.0,126.5,2.33880306,-1.756552996,--,--,--,--,--,--,--,--
261730,2021/5/21 11:00,35.0,126.75,2.263591336,-1.225983752,--,--,--,--,--,--,--,--
261731,2021/5/21 11:00,35.0,127.0,2.468012946,-1.480176334,--,--,--,--,--,--,--,--
261732,2021/5/21 11:00,35.0,127.25,2.654306602,-1.736679757,--,--,--,--,--,--,--,--
261733,2021/5/21 11:00,35.0,127.5,2.900383937,-1.53101485,--,--,--,--,--,--,--,--
261734,2021/5/21 11:00,35.0,127.75,3.103648444,-1.062838331,--,--,--,--,--,--,--,--
261735,2021/5/21 11:00,35.0,128.0,3.087834697,-0.582645435,--,--,--,--,--,--,--,--
261736,2021/5/21 11:00,35.0,128.25,3.232472629,-0.903852425,--,--,--,--,--,--,--,--
261737,2021/5/21 11:00,35.0,128.5,4.062501507,-1.231067603,--,--,--,--,--,--,--,--
261738,2021/5/21 11:00,35.0,128.75,4.783376959,-1.334593309,--,--,--,--,--,--,--,--
261739,2021/5/21 11:00,35.0,129.0,4.896387396,-1.026789201,--,--,--,--,--,--,--,--
261740,2021/5/21 11:00,35.0,129.25,3.781325367,-1.148801641,--,--,--,--,--,--,--,--
261741,2021/5/21 11:00,35.0,129.5,2.53628205,-2.012132082,--,--,--,--,--,--,--,--
261742,2021/5/21 11:00,35.0,129.75,1.798050046,-2.972980042,--,--,--,--,--,--,--,--
261743,2021/5/21 11:00,35.0,130.0,1.994371932,-3.626486062,--,--,--,--,--,--,--,--
261744,2021/5/21 11:00,35.25,120.0,-3.419715132,6.150684976,--,--,--,--,--,--,--,--
261745,2021/5/21 11:00,35.25,120.25,-2.756694853,6.043461923,--,--,--,--,--,--,--,--
261746,2021/5/21 11:00,35.25,120.5,-2.090588964,6.00833713,--,--,--,--,--,--,--,--
261747,2021/5/21 11:00,35.25,120.75,-1.475395627,5.760152736,--,--,--,--,--,--,--,--
261748,2021/5/21 11:00,35.25,121.0,-0.906100728,5.278573336,--,--,--,--,--,--,--,--
261749,2021/5/21 11:00,35.25,121.25,-0.417031667,4.886192423,--,--,--,--,--,--,--,--
261750,2021/5/21 11:00,35.25,121.5,0.129121163,4.488727658,--,--,--,--,--,--,--,--
261751,2021/5/21 11:00,35.25,121.75,0.694559051,4.060759784,--,--,--,--,--,--,--,--
261752,2021/5/21 11:00,35.25,122.0,1.251125813,3.62447288,--,--,--,--,--,--,--,--
261753,2021/5/21 11:00,35.25,122.25,1.614456298,3.014872852,--,--,--,--,--,--,--,--
261754,2021/5/21 11:00,35.25,122.5,1.92995984,2.348888287,--,--,--,--,--,--,--,--
261755,2021/5/21 11:00,35.25,122.75,2.136695657,1.614502809,--,--,--,--,--,--,--,--
261756,2021/5/21 11:00,35.25,123.0,2.282490692,0.867638787,--,--,--,--,--,--,--,--
261757,2021/5/21 11:00,35.25,123.25,2.367344946,0.164680756,--,--,--,--,--,--,--,--
261758,2021/5/21 11:00,35.25,123.5,2.507740165,-0.386223895,--,--,--,--,--,--,--,--
261759,2021/5/21 11:00,35.25,123.75,2.686705499,-0.799402382,--,--,--,--,--,--,--,--
261760,2021/5/21 11:00,35.25,124.0,2.926997317,-1.058216648,--,--,--,--,--,--,--,--
261761,2021/5/21 11:00,35.25,124.25,3.217044583,-1.25140301,--,--,--,--,--,--,--,--
261762,2021/5/21 11:00,35.25,124.5,3.409123756,-1.496814394,--,--,--,--,--,--,--,--
261763,2021/5/21 11:00,35.25,124.75,3.509791757,-1.811088859,--,--,--,--,--,--,--,--
261764,2021/5/21 11:00,35.25,125.0,3.544890561,-2.208553623,--,--,--,--,--,--,--,--
261765,2021/5/21 11:00,35.25,125.25,3.421851894,-2.514971226,--,--,--,--,--,--,--,--
261766,2021/5/21 11:00,35.25,125.5,3.304598744,-2.819077988,--,--,--,--,--,--,--,--
261767,2021/5/21 11:00,35.25,125.75,3.261785916,-3.160620384,--,--,--,--,--,--,--,--
261768,2021/5/21 11:00,35.25,126.0,3.476621458,-3.633418587,--,--,--,--,--,--,--,--
261769,2021/5/21 11:00,35.25,126.25,3.066621133,-3.473046176,--,--,--,--,--,--,--,--
261770,2021/5/21 11:00,35.25,126.5,2.534353544,-2.454427175,--,--,--,--,--,--,--,--
261771,2021/5/21 11:00,35.25,126.75,2.10082545,-1.365558588,--,--,--,--,--,--,--,--
261772,2021/5/21 11:00,35.25,127.0,2.054927013,-1.080400728,--,--,--,--,--,--,--,--
261773,2021/5/21 11:00,35.25,127.25,2.044127381,-1.271276248,--,--,--,--,--,--,--,--
261774,2021/5/21 11:00,35.25,127.5,2.202264853,-1.199640157,--,--,--,--,--,--,--,--
261775,2021/5/21 11:00,35.25,127.75,2.255105911,-0.956539615,--,--,--,--,--,--,--,--
261776,2021/5/21 11:00,35.25,128.0,1.752923011,-0.783688659,--,--,--,--,--,--,--,--
261777,2021/5/21 11:00,35.25,128.25,1.666911654,-1.029100043,--,--,--,--,--,--,--,--
261778,2021/5/21 11:00,35.25,128.5,2.044127381,-1.29854418,--,--,--,--,--,--,--,--
261779,2021/5/21 11:00,35.25,128.75,2.052998507,-1.31795525,--,--,--,--,--,--,--,--
261780,2021/5/21 11:00,35.25,129.0,1.212941399,-0.865030285,--,--,--,--,--,--,--,--
261781,2021/5/21 11:00,35.25,129.25,-0.98054105,-1.518074137,--,--,--,--,--,--,--,--
261782,2021/5/21 11:00,35.25,129.5,-2.759780462,-3.035834935,--,--,--,--,--,--,--,--
261783,2021/5/21 11:00,35.25,129.75,-3.511512006,-4.489816504,--,--,--,--,--,--,--,--
261784,2021/5/21 11:00,35.25,130.0,-2.620156645,-5.265334963,--,--,--,--,--,--,--,--
261785,2021/5/21 11:00,35.5,120.0,-2.413035127,6.296268,--,--,--,--,--,--,--,--
261786,2021/5/21 11:00,35.5,120.25,-2.077089424,6.201523492,--,--,--,--,--,--,--,--
261787,2021/5/21 11:00,35.5,120.5,-1.772385514,5.980144862,--,--,--,--,--,--,--,--
261788,2021/5/21 11:00,35.5,120.75,-1.28524496,5.676962437,--,--,--,--,--,--,--,--
261789,2021/5/21 11:00,35.5,121.0,-0.694350795,5.340041724,--,--,--,--,--,--,--,--
261790,2021/5/21 11:00,35.5,121.25,-0.003945734,5.124671282,--,--,--,--,--,--,--,--
261791,2021/5/21 11:00,35.5,121.5,0.54992112,4.732752537,--,--,--,--,--,--,--,--
261792,2021/5/21 11:00,35.5,121.75,1.001962869,4.301087316,--,--,--,--,--,--,--,--
261793,2021/5/21 11:00,35.5,122.0,1.32710894,3.862951739,--,--,--,--,--,--,--,--
261794,2021/5/21 11:00,35.5,122.25,1.5481157,3.155834192,--,--,--,--,--,--,--,--
261795,2021/5/21 11:00,35.5,122.5,1.633741355,2.404810655,--,--,--,--,--,--,--,--
261796,2021/5/21 11:00,35.5,122.75,1.754080115,1.654711454,--,--,--,--,--,--,--,--
261797,2021/5/21 11:00,35.5,123.0,1.875961679,0.864865777,--,--,--,--,--,--,--,--
261798,2021/5/21 11:00,35.5,123.25,2.079226185,0.285768858,--,--,--,--,--,--,--,--
261799,2021/5/21 11:00,35.5,123.5,2.284419198,-0.167618274,--,--,--,--,--,--,--,--
261800,2021/5/21 11:00,35.5,123.75,2.593751522,-0.424583866,--,--,--,--,--,--,--,--
261801,2021/5/21 11:00,35.5,124.0,2.904240949,-0.654743695,--,--,--,--,--,--,--,--
261802,2021/5/21 11:00,35.5,124.25,3.063535524,-0.962547803,--,--,--,--,--,--,--,--
261803,2021/5/21 11:00,35.5,124.5,3.100562835,-1.421480956,--,--,--,--,--,--,--,--
261804,2021/5/21 11:00,35.5,124.75,3.127176214,-1.85499485,--,--,--,--,--,--,--,--
261805,2021/5/21 11:00,35.5,125.0,3.009923064,-2.398966975,--,--,--,--,--,--,--,--
261806,2021/5/21 11:00,35.5,125.25,3.067392536,-2.834329543,--,--,--,--,--,--,--,--
261807,2021/5/21 11:00,35.5,125.5,2.983309685,-3.076505748,--,--,--,--,--,--,--,--
261808,2021/5/21 11:00,35.5,125.75,3.009923064,-3.210534564,--,--,--,--,--,--,--,--
261809,2021/5/21 11:00,35.5,126.0,3.238258146,-3.430988858,--,--,--,--,--,--,--,--
261810,2021/5/21 11:00,35.5,126.25,3.261785916,-3.358890598,--,--,--,--,--,--,--,--
261811,2021/5/21 11:00,35.5,126.5,2.887655799,-2.440099957,--,--,--,--,--,--,--,--
261812,2021/5/21 11:00,35.5,126.75,2.420957406,-1.384507489,--,--,--,--,--,--,--,--
261813,2021/5/21 11:00,35.5,127.0,2.118182002,-0.889063039,--,--,--,--,--,--,--,--
261814,2021/5/21 11:00,35.5,127.25,2.24816329,-0.804486234,--,--,--,--,--,--,--,--
261815,2021/5/21 11:00,35.5,127.5,2.446413682,-0.687095478,--,--,--,--,--,--,--,--
261816,2021/5/21 11:00,35.5,127.75,2.564438234,-0.58957796,--,--,--,--,--,--,--,--
261817,2021/5/21 11:00,35.5,128.0,2.239292163,-0.69772535,--,--,--,--,--,--,--,--
261818,2021/5/21 11:00,35.5,128.25,1.564700849,-0.701884865,--,--,--,--,--,--,--,--
261819,2021/5/21 11:00,35.5,128.5,1.346779699,-1.053132796,--,--,--,--,--,--,--,--
261820,2021/5/21 11:00,35.5,128.75,1.260768342,-1.21812689,--,--,--,--,--,--,--,--
261821,2021/5/21 11:00,35.5,129.0,1.037061674,-0.941750228,--,--,--,--,--,--,--,--
261822,2021/5/21 11:00,35.5,129.25,-1.097408499,-1.102122639,--,--,--,--,--,--,--,--
261823,2021/5/21 11:00,35.5,129.5,-3.01048621,-2.583372139,--,--,--,--,--,--,--,--
261824,2021/5/21 11:00,35.5,129.75,-3.986310124,-4.2388591,--,--,--,--,--,--,--,--
261825,2021/5/21 11:00,35.5,130.0,-3.149338625,-5.21357211,--,--,--,--,--,--,--,--
261826,2021/5/21 11:00,35.75,120.0,-1.162206292,4.956442009,--,--,--,--,--,--,--,--
261827,2021/5/21 11:00,35.75,120.25,-1.525151076,6.146063293,--,--,--,--,--,--,--,--
261828,2021/5/21 11:00,35.75,120.5,-1.233175304,6.009261467,--,--,--,--,--,--,--,--
261829,2021/5/21 11:00,35.75,120.75,-0.75297737,5.866451453,--,--,--,--,--,--,--,--
261830,2021/5/21 11:00,35.75,121.0,-0.008574148,5.45465947,--,--,--,--,--,--,--,--
261831,2021/5/21 11:00,35.75,121.25,0.558792246,5.350209427,--,--,--,--,--,--,--,--
261832,2021/5/21 11:00,35.75,121.5,1.028576249,5.058119042,--,--,--,--,--,--,--,--
261833,2021/5/21 11:00,35.75,121.75,1.454004619,4.629226831,--,--,--,--,--,--,--,--
261834,2021/5/21 11:00,35.75,122.0,1.396535147,4.047356903,--,--,--,--,--,--,--,--
261835,2021/5/21 11:00,35.75,122.25,1.244183192,3.232091967,--,--,--,--,--,--,--,--
261836,2021/5/21 11:00,35.75,122.5,1.324409032,2.521739243,--,--,--,--,--,--,--,--
261837,2021/5/21 11:00,35.75,122.75,1.398463653,1.917223066,--,--,--,--,--,--,--,--
261838,2021/5/21 11:00,35.75,123.0,1.56161524,1.25724669,--,--,--,--,--,--,--,--
261839,2021/5/21 11:00,35.75,123.25,1.858605127,0.789532339,--,--,--,--,--,--,--,--
261840,2021/5/21 11:00,35.75,123.5,2.217692899,0.354169771,--,--,--,--,--,--,--,--
261841,2021/5/21 11:00,35.75,123.75,2.543996073,0.04729,--,--,--,--,--,--,--,--
261842,2021/5/21 11:00,35.75,124.0,2.833271937,-0.29332806,--,--,--,--,--,--,--,--
261843,2021/5/21 11:00,35.75,124.25,2.771559752,-0.830829829,--,--,--,--,--,--,--,--
261844,2021/5/21 11:00,35.75,124.5,2.793159017,-1.354004379,--,--,--,--,--,--,--,--
261845,2021/5/21 11:00,35.75,124.75,2.727589821,-2.008434736,--,--,--,--,--,--,--,--
261846,2021/5/21 11:00,35.75,125.0,2.633864441,-2.503417018,--,--,--,--,--,--,--,--
261847,2021/5/21 11:00,35.75,125.25,2.841757362,-2.83248087,--,--,--,--,--,--,--,--
261848,2021/5/21 11:00,35.75,125.5,3.012622972,-2.983147745,--,--,--,--,--,--,--,--
261849,2021/5/21 11:00,35.75,125.75,3.089763203,-3.105160185,--,--,--,--,--,--,--,--
261850,2021/5/21 11:00,35.75,126.0,3.173074651,-3.213307574,--,--,--,--,--,--,--,--
261851,2021/5/21 11:00,35.75,126.25,3.674100447,-3.144906661,--,--,--,--,--,--,--,--
261852,2021/5/21 11:00,35.75,126.5,3.387910193,-2.304222467,--,--,--,--,--,--,--,--
261853,2021/5/21 11:00,35.75,126.75,2.926997317,-1.305014536,--,--,--,--,--,--,--,--
261854,2021/5/21 11:00,35.75,127.0,2.361559428,-0.604829515,--,--,--,--,--,--,--,--
261855,2021/5/21 11:00,35.75,127.25,2.314503888,-0.407945806,--,--,--,--,--,--,--,--
261856,2021/5/21 11:00,35.75,127.5,2.123196117,-0.34046923,--,--,--,--,--,--,--,--
261857,2021/5/21 11:00,35.75,127.75,2.095811335,-0.319671655,--,--,--,--,--,--,--,--
261858,2021/5/21 11:00,35.75,128.0,1.916074598,-0.727304123,--,--,--,--,--,--,--,--
261859,2021/5/21 11:00,35.75,128.25,1.401549262,-0.654743695,--,--,--,--,--,--,--,--
261860,2021/5/21 11:00,35.75,128.5,1.236469169,-0.849316562,--,--,--,--,--,--,--,--
261861,2021/5/21 11:00,35.75,128.75,1.499131654,-0.843308374,--,--,--,--,--,--,--,--
261862,2021/5/21 11:00,35.75,129.0,1.541173079,-0.720371598,--,--,--,--,--,--,--,--
261863,2021/5/21 11:00,35.75,129.25,-0.482215162,-0.886290029,--,--,--,--,--,--,--,--
261864,2021/5/21 11:00,35.75,129.5,-2.101388596,-2.249686604,--,--,--,--,--,--,--,--
261865,2021/5/21 11:00,35.75,129.75,-2.95687375,-3.900089714,--,--,--,--,--,--,--,--
261866,2021/5/21 11:00,35.75,130.0,-2.330880781,-5.153952395,--,--,--,--,--,--,--,--
261867,2021/5/21 11:00,36.0,120.0,-0.850559762,4.323733564,--,--,--,--,--,--,--,--
261868,2021/5/21 11:00,36.0,120.25,-1.147549648,5.560033849,--,--,--,--,--,--,--,--
261869,2021/5/21 11:00,36.0,120.5,-0.515385461,6.007412793,--,--,--,--,--,--,--,--
261870,2021/5/21 11:00,36.0,120.75,0.061623462,5.870610968,--,--,--,--,--,--,--,--
261871,2021/5/21 11:00,36.0,121.0,1.237240572,5.751371538,--,--,--,--,--,--,--,--
261872,2021/5/21 11:00,36.0,121.25,1.304738273,5.537387601,--,--,--,--,--,--,--,--
261873,2021/5/21 11:00,36.0,121.5,1.70239616,5.213407601,--,--,--,--,--,--,--,--
261874,2021/5/21 11:00,36.0,121.75,1.520730918,4.587169513,--,--,--,--,--,--,--,--
261875,2021/5/21 11:00,36.0,122.0,1.302809767,4.016853793,--,--,--,--,--,--,--,--
261876,2021/5/21 11:00,36.0,122.25,1.029347651,3.254276047,--,--,--,--,--,--,--,--
261877,2021/5/21 11:00,36.0,122.5,0.983449214,2.75236124,--,--,--,--,--,--,--,--
261878,2021/5/21 11:00,36.0,122.75,1.071389076,2.178348173,--,--,--,--,--,--,--,--
261879,2021/5/21 11:00,36.0,123.0,1.368378963,1.767018358,--,--,--,--,--,--,--,--
261880,2021/5/21 11:00,36.0,123.25,1.823506322,1.510052767,--,--,--,--,--,--,--,--
261881,2021/5/21 11:00,36.0,123.5,2.17796568,1.060825149,--,--,--,--,--,--,--,--
261882,2021/5/21 11:00,36.0,123.75,2.444485176,0.479879557,--,--,--,--,--,--,--,--
261883,2021/5/21 11:00,36.0,124.0,2.668191844,0.004308345,--,--,--,--,--,--,--,--
261884,2021/5/21 11:00,36.0,124.25,2.554795705,-0.690792825,--,--,--,--,--,--,--,--
261885,2021/5/21 11:00,36.0,124.5,2.491155015,-1.438119016,--,--,--,--,--,--,--,--
261886,2021/5/21 11:00,36.0,124.75,2.430599935,-2.082381669,--,--,--,--,--,--,--,--
261887,2021/5/21 11:00,36.0,125.0,2.636950051,-2.484930285,--,--,--,--,--,--,--,--
261888,2021/5/21 11:00,36.0,125.25,2.905398052,-2.701687232,--,--,--,--,--,--,--,--
261889,2021/5/21 11:00,36.0,125.5,3.054664398,-2.831556533,--,--,--,--,--,--,--,--
261890,2021/5/21 11:00,36.0,125.75,3.089763203,-2.893024921,--,--,--,--,--,--,--,--
261891,2021/5/21 11:00,36.0,126.0,3.233629732,-3.086673452,--,--,--,--,--,--,--,--
261892,2021/5/21 11:00,36.0,126.25,3.592717504,-2.999785805,--,--,--,--,--,--,--,--
261893,2021/5/21 11:00,36.0,126.5,3.215116077,-2.243678416,--,--,--,--,--,--,--,--
261894,2021/5/21 11:00,36.0,126.75,2.711004672,-1.24863,--,--,--,--,--,--,--,--
261895,2021/5/21 11:00,36.0,127.0,2.086940208,-0.281773852,--,--,--,--,--,--,--,--
261896,2021/5/21 11:00,36.0,127.25,1.901417955,0.00846786,--,--,--,--,--,--,--,--
261897,2021/5/21 11:00,36.0,127.5,1.77259377,0.065776733,--,--,--,--,--,--,--,--
261898,2021/5/21 11:00,36.0,127.75,2.118182002,-0.153753224,--,--,--,--,--,--,--,--
261899,2021/5/21 11:00,36.0,128.0,2.266676945,-0.585418445,--,--,--,--,--,--,--,--
261900,2021/5/21 11:00,36.0,128.25,1.801907057,-0.604829515,--,--,--,--,--,--,--,--
261901,2021/5/21 11:00,36.0,128.5,1.646469493,-0.494833452,--,--,--,--,--,--,--,--
261902,2021/5/21 11:00,36.0,128.75,1.869404759,-0.458784323,--,--,--,--,--,--,--,--
261903,2021/5/21 11:00,36.0,129.0,1.590928528,-0.281773852,--,--,--,--,--,--,--,--
261904,2021/5/21 11:00,36.0,129.25,-0.208753046,-0.375594023,--,--,--,--,--,--,--,--
261905,2021/5/21 11:00,36.0,129.5,-1.724558571,-1.724201212,--,--,--,--,--,--,--,--
261906,2021/5/21 11:00,36.0,129.75,-1.730344088,-3.473970513,--,--,--,--,--,--,--,--
261907,2021/5/21 11:00,36.0,130.0,-0.754905876,-4.847072623,--,--,--,--,--,--,--,--
261908,2021/5/21 11:00,36.25,120.0,-1.206947626,4.291381781,--,--,--,--,--,--,--,--
261909,2021/5/21 11:00,36.25,120.25,-0.914971854,4.701787259,--,--,--,--,--,--,--,--
261910,2021/5/21 11:00,36.25,120.5,-0.28396477,5.146855362,--,--,--,--,--,--,--,--
261911,2021/5/21 11:00,36.25,120.75,0.742385994,5.329411852,--,--,--,--,--,--,--,--
261912,2021/5/21 11:00,36.25,121.0,1.89640384,5.525833393,--,--,--,--,--,--,--,--
261913,2021/5/21 11:00,36.25,121.25,1.924945725,5.428315875,--,--,--,--,--,--,--,--
261914,2021/5/21 11:00,36.25,121.5,1.779536391,5.060892052,--,--,--,--,--,--,--,--
261915,2021/5/21 11:00,36.25,121.75,1.598642551,4.436964805,--,--,--,--,--,--,--,--
261916,2021/5/21 11:00,36.25,122.0,1.07254618,3.913328087,--,--,--,--,--,--,--,--
261917,2021/5/21 11:00,36.25,122.25,0.746243006,3.327760812,--,--,--,--,--,--,--,--
261918,2021/5/21 11:00,36.25,122.5,0.699187465,2.827694678,--,--,--,--,--,--,--,--
261919,2021/5/21 11:00,36.25,122.75,1.001962869,2.638205662,--,--,--,--,--,--,--,--
261920,2021/5/21 11:00,36.25,123.0,1.342922687,2.301284949,--,--,--,--,--,--,--,--
261921,2021/5/21 11:00,36.25,123.25,1.784164805,2.04616803,--,--,--,--,--,--,--,--
261922,2021/5/21 11:00,36.25,123.5,2.046827289,1.501271568,--,--,--,--,--,--,--,--
261923,2021/5/21 11:00,36.25,123.75,2.313732486,0.92217465,--,--,--,--,--,--,--,--
261924,2021/5/21 11:00,36.25,124.0,2.420186003,0.252492738,--,--,--,--,--,--,--,--
261925,2021/5/21 11:00,36.25,124.25,2.318360899,-0.633483952,--,--,--,--,--,--,--,--
261926,2021/5/21 11:00,36.25,124.5,2.255105911,-1.378499301,--,--,--,--,--,--,--,--
261927,2021/5/21 11:00,36.25,124.75,2.48266959,-1.893354821,--,--,--,--,--,--,--,--
261928,2021/5/21 11:00,36.25,125.0,2.825172213,-2.23998107,--,--,--,--,--,--,--,--
261929,2021/5/21 11:00,36.25,125.25,3.092848812,-2.442872967,--,--,--,--,--,--,--,--
261930,2021/5/21 11:00,36.25,125.5,3.017637087,-2.609715734,--,--,--,--,--,--,--,--
261931,2021/5/21 11:00,36.25,125.75,3.052735892,-2.67164629,--,--,--,--,--,--,--,--
261932,2021/5/21 11:00,36.25,126.0,3.120233593,-2.918444179,--,--,--,--,--,--,--,--
261933,2021/5/21 11:00,36.25,126.25,2.950139386,-2.545474336,--,--,--,--,--,--,--,--
261934,2021/5/21 11:00,36.25,126.5,2.573309361,-1.792602125,--,--,--,--,--,--,--,--
261935,2021/5/21 11:00,36.25,126.75,2.094654232,-1.358163894,--,--,--,--,--,--,--,--
261936,2021/5/21 11:00,36.25,127.0,1.605585171,-0.599283495,--,--,--,--,--,--,--,--
261937,2021/5/21 11:00,36.25,127.25,1.483317906,-0.279000842,--,--,--,--,--,--,--,--
261938,2021/5/21 11:00,36.25,127.5,1.798821448,0.020022068,--,--,--,--,--,--,--,--
261939,2021/5/21 11:00,36.25,127.75,2.144795381,-0.200894394,--,--,--,--,--,--,--,--
261940,2021/5/21 11:00,36.25,128.0,2.582180487,-0.415802668,--,--,--,--,--,--,--,--
261941,2021/5/21 11:00,36.25,128.25,2.211907382,-0.187953681,--,--,--,--,--,--,--,--
261942,2021/5/21 11:00,36.25,128.5,2.057626921,-0.078881955,--,--,--,--,--,--,--,--
261943,2021/5/21 11:00,36.25,128.75,1.697382045,0.061155049,--,--,--,--,--,--,--,--
261944,2021/5/21 11:00,36.25,129.0,1.251125813,0.201654222,--,--,--,--,--,--,--,--
261945,2021/5/21 11:00,36.25,129.25,-0.210681551,0.097204179,--,--,--,--,--,--,--,--
261946,2021/5/21 11:00,36.25,129.5,-0.392346794,-1.354004379,--,--,--,--,--,--,--,--
261947,2021/5/21 11:00,36.25,129.75,-0.397360909,-3.099151996,--,--,--,--,--,--,--,--
261948,2021/5/21 11:00,36.25,130.0,1.064446456,-4.751403779,--,--,--,--,--,--,--,--
261949,2021/5/21 11:00,36.5,120.0,-1.662074985,4.285373593,0.000985932,3.869744476,5.339245865,0.313953272,0.366172793,0.014775011,2.462147575,0.024558497
261950,2021/5/21 11:00,36.5,120.25,-1.056524177,4.248400126,0.001044489,4.116610547,6.08875692,0.332050697,0.368352392,0.001664046,2.331852386,0.012858732
261951,2021/5/21 11:00,36.5,120.5,-0.248865965,3.841229827,0.000938605,4.556280399,6.3118938,0.250241872,0.349210757,0.001499792,3.319762175,0.012731246
261952,2021/5/21 11:00,36.5,120.75,0.77439919,4.021013308,0.000857919,4.986664041,6.423644839,0.136206931,0.301518521,0.001740306,3.588779604,0.012866618
261953,2021/5/21 11:00,36.5,121.0,1.504917171,4.49935753,0.000790843,5.24722957,6.567289966,0.053974775,0.14855808,0.002109877,3.266606924,0.013421246
261954,2021/5/21 11:00,36.5,121.25,1.763722643,4.736912052,0.000748477,5.407853416,6.771314739,0.002698739,1.35111459,0.002807955,3.778712392,0.013699874
261955,2021/5/21 11:00,36.5,121.5,1.6152277,4.371336902,0.000744364,5.479384813,6.876857387,4.44E-16,1.414215088,0.002989808,3.774822983,0.01413096
261956,2021/5/21 11:00,36.5,121.75,1.357579331,4.396756161,0.000749782,5.504760991,6.922750788,4.44E-16,1.414215088,0.002884216,3.516825545,0.014576502
261957,2021/5/21 11:00,36.5,122.0,0.77439919,3.988661525,0.000774523,5.455203891,6.933950239,0.029315711,1.030173892,0.002901815,3.190763456,0.015125874
261958,2021/5/21 11:00,36.5,122.25,0.534107372,3.483049371,0.000866927,5.285753549,6.799191632,0.111336202,0.249488664,0.003253787,2.900354279,0.016028787
261959,2021/5/21 11:00,36.5,122.5,0.808726592,3.254276047,0.000893496,4.908604713,5.199131,0.156262264,0.27307582,0.009114124,2.797284951,0.026686325
261960,2021/5/21 11:00,36.5,122.75,1.112273399,3.069870883,0.000897674,4.420297189,5.081901968,0.173354276,0.351994603,0.008058208,3.693793637,0.028546038
261961,2021/5/21 11:00,36.5,123.0,1.483317906,2.772696646,0.000958711,3.483493316,3.284511886,0.250982702,0.272147872,0.008040609,2.565865138,0.040659804
261962,2021/5/21 11:00,36.5,123.25,1.746366092,2.418213537,0.000782879,2.925217419,3.096068957,4.44E-16,1.414215088,0.006398072,3.852611156,0.032226036
261963,2021/5/21 11:00,36.5,123.5,2.005942967,1.874241411,--,--,--,--,--,--,--,--
261964,2021/5/21 11:00,36.5,123.75,2.099668346,1.191618787,--,--,--,--,--,--,--,--
261965,2021/5/21 11:00,36.5,124.0,2.155209312,0.481728231,0.000822145,3.198654922,2.760572373,0.076146765,0.315373007,0.006838037,3.623136047,0.03061998
261966,2021/5/21 11:00,36.5,124.25,2.085011703,-0.375594023,0.00097552,3.75867773,6.730290665,0.226323638,0.287102949,-0.008114916,2.329259447,0.019108157
261967,2021/5/21 11:00,36.5,124.5,2.263591336,-1.050359786,0.000932762,5.143702122,6.337214297,0.22584739,0.343750967,0.005283493,3.613412526,0.022898555
261968,2021/5/21 11:00,36.5,124.75,2.492312119,-1.562904465,0.000851652,5.321887018,6.196612499,0.120384914,0.489417301,0.011601395,4.72578339,0.028334438
261969,2021/5/21 11:00,36.5,125.0,2.938568351,-1.898900841,0.000895226,5.599737769,6.276712917,0.196055431,0.340125494,0.018388593,4.822370371,0.035677349
261970,2021/5/21 11:00,36.5,125.25,3.146461272,-2.147085235,--,--,--,--,--,--,--,--
261971,2021/5/21 11:00,36.5,125.5,3.068549639,-2.317163181,--,--,--,--,--,--,--,--
261972,2021/5/21 11:00,36.5,125.75,2.830186328,-2.498795335,--,--,--,--,--,--,--,--
261973,2021/5/21 11:00,36.5,126.0,2.769631247,-2.67719231,--,--,--,--,--,--,--,--
261974,2021/5/21 11:00,36.5,126.25,2.417100394,-2.129522838,--,--,--,--,--,--,--,--
261975,2021/5/21 11:00,36.5,126.5,1.999000346,-1.51437679,--,--,--,--,--,--,--,--
261976,2021/5/21 11:00,36.5,126.75,1.523430826,-1.090568431,--,--,--,--,--,--,--,--
261977,2021/5/21 11:00,36.5,127.0,1.403477768,-1.082711569,--,--,--,--,--,--,--,--
261978,2021/5/21 11:00,36.5,127.25,1.353722319,-0.820662126,--,--,--,--,--,--,--,--
261979,2021/5/21 11:00,36.5,127.5,1.671154367,-0.517941869,--,--,--,--,--,--,--,--
261980,2021/5/21 11:00,36.5,127.75,1.785321908,-0.37651836,--,--,--,--,--,--,--,--
261981,2021/5/21 11:00,36.5,128.0,2.135924255,-0.468489858,--,--,--,--,--,--,--,--
261982,2021/5/21 11:00,36.5,128.25,1.82620623,-0.072873766,--,--,--,--,--,--,--,--
261983,2021/5/21 11:00,36.5,128.5,1.640683976,0.19657037,--,--,--,--,--,--,--,--
261984,2021/5/21 11:00,36.5,128.75,1.277353491,0.334296533,--,--,--,--,--,--,--,--
261985,2021/5/21 11:00,36.5,129.0,0.746243006,0.580632253,--,--,--,--,--,--,--,--
261986,2021/5/21 11:00,36.5,129.25,0.39255505,0.360640128,--,--,--,--,--,--,--,--
261987,2021/5/21 11:00,36.5,129.5,0.224775049,-1.089644094,--,--,--,--,--,--,--,--
261988,2021/5/21 11:00,36.5,129.75,1.389592526,-3.686105777,--,--,--,--,--,--,--,--
261989,2021/5/21 11:00,36.5,130.0,2.868370742,-5.404909799,--,--,--,--,--,--,--,--
261990,2021/5/21 11:00,36.75,120.0,-1.92859448,4.108825291,0.000953227,3.67813595,2.881696865,0.315699515,0.352469367,0.037629741,2.624206267,0.053200712
261991,2021/5/21 11:00,36.75,120.25,-1.025282383,4.129160697,0.001025688,4.13150526,2.937328919,0.297602091,0.390169972,0.009430899,2.284531248,0.022809184
261992,2021/5/21 11:00,36.75,120.5,-0.287050379,3.62169987,0.000946373,4.531915591,6.649216381,0.234155272,0.323185039,0.00122408,2.994996555,0.011828332
261993,2021/5/21 11:00,36.75,120.75,0.164219968,3.199740184,0.000910828,4.815099017,6.803574026,0.16599889,0.346901676,0.001464595,3.102603527,0.012264675
261994,2021/5/21 11:00,36.75,121.0,0.687616431,3.459478786,0.000845744,5.039439134,6.918368394,0.097895425,0.21079537,0.001757905,3.032594172,0.012698389
261995,2021/5/21 11:00,36.75,121.25,1.030504754,3.671151881,0.000745604,5.225714985,6.99104309,0.00730247,1.247982826,0.002150941,3.175205821,0.013025646
261996,2021/5/21 11:00,36.75,121.5,1.162028847,3.59396977,0.000684535,5.340459438,7.030606366,4.44E-16,1.414215088,0.002655434,3.796862965,0.013338446
261997,2021/5/21 11:00,36.75,121.75,0.940636386,3.763123379,0.000683523,5.379810901,7.040831952,4.44E-16,1.414215088,0.002455983,3.448112659,0.013599989
261998,2021/5/21 11:00,36.75,122.0,0.500937073,3.816734905,0.000733626,5.315542974,7.035475693,0.010742038,1.084707051,0.002426652,2.931469548,0.013950903
261999,2021/5/21 11:00,36.75,122.25,0.529478959,3.522795847,0.000828836,5.09267394,6.904612547,0.081279661,0.193121188,0.002749293,2.564568668,0.014652731
262000,2021/5/21 11:00,36.75,122.5,0.832254362,3.298182038,0.000866013,4.716904245,4.686390937,0.132344031,0.277607662,0.009917794,2.650783893,0.029395066
262001,2021/5/21 11:00,36.75,122.75,1.328266043,3.570861354,0.000892615,4.34977716,4.623820094,0.168221381,0.30911475,0.012176283,4.120332115,0.032253636
262002,2021/5/21 11:00,36.75,123.0,1.691596528,3.25335171,0.00092878,3.983753388,4.544815274,0.224101148,0.283110612,0.011020641,4.806812736,0.032754379
262003,2021/5/21 11:00,36.75,123.25,1.854748115,2.862819471,0.000881942,3.720613464,4.272376466,0.17552385,0.343729387,0.006685516,4.393887188,0.031817294
262004,2021/5/21 11:00,36.75,123.5,1.939602369,2.236581383,--,--,--,--,--,--,--,--
262005,2021/5/21 11:00,36.75,123.75,2.025613725,1.560891283,--,--,--,--,--,--,--,--
262006,2021/5/21 11:00,36.75,124.0,1.904503564,0.786759329,--,--,--,--,--,--,--,--
262007,2021/5/21 11:00,36.75,124.25,1.833148851,0.136026319,--,--,--,--,--,--,--,--
262008,2021/5/21 11:00,36.75,124.5,2.054927013,-0.543361127,--,--,--,--,--,--,--,--
262009,2021/5/21 11:00,36.75,124.75,2.505811659,-1.144179957,0.000889906,5.628056112,6.391507285,0.117209927,0.62478988,0.009190385,5.292340579,0.02203507
262010,2021/5/21 11:00,36.75,125.0,2.914269179,-1.556434108,0.001039038,5.785094194,6.526752824,0.318133672,0.385897093,0.01791343,5.541910965,0.031009008
262011,2021/5/21 11:00,36.75,125.25,3.046178972,-1.856843523,--,--,--,--,--,--,--,--
262012,2021/5/21 11:00,36.75,125.5,2.916197684,-2.288508744,--,--,--,--,--,--,--,--
262013,2021/5/21 11:00,36.75,125.75,2.685548396,-2.498795335,--,--,--,--,--,--,--,--
262014,2021/5/21 11:00,36.75,126.0,2.541296165,-2.477073423,--,--,--,--,--,--,--,--
262015,2021/5/21 11:00,36.75,126.25,2.294061727,-1.790753452,--,--,--,--,--,--,--,--
262016,2021/5/21 11:00,36.75,126.5,1.905274966,-1.166364037,--,--,--,--,--,--,--,--
262017,2021/5/21 11:00,36.75,126.75,1.550044206,-0.687095478,--,--,--,--,--,--,--,--
262018,2021/5/21 11:00,36.75,127.0,1.555829723,-0.901079415,--,--,--,--,--,--,--,--
262019,2021/5/21 11:00,36.75,127.25,1.423919929,-0.753647718,--,--,--,--,--,--,--,--
262020,2021/5/21 11:00,36.75,127.5,1.302809767,-0.71713642,--,--,--,--,--,--,--,--
262021,2021/5/21 11:00,36.75,127.75,1.339065676,-0.57848592,--,--,--,--,--,--,--,--
262022,2021/5/21 11:00,36.75,128.0,1.353722319,-0.564158702,--,--,--,--,--,--,--,--
262023,2021/5/21 11:00,36.75,128.25,1.280439101,-0.462481669,--,--,--,--,--,--,--,--
262024,2021/5/21 11:00,36.75,128.5,1.113430502,-0.186105007,--,--,--,--,--,--,--,--
262025,2021/5/21 11:00,36.75,128.75,0.976506593,0.154513052,--,--,--,--,--,--,--,--
262026,2021/5/21 11:00,36.75,129.0,0.467766774,0.658738701,--,--,--,--,--,--,--,--
262027,2021/5/21 11:00,36.75,129.25,0.581162913,0.363875306,--,--,--,--,--,--,--,--
262028,2021/5/21 11:00,36.75,129.5,1.700467655,-2.390185777,--,--,--,--,--,--,--,--
262029,2021/5/21 11:00,36.75,129.75,3.053892995,-5.187228515,--,--,--,--,--,--,--,--
262030,2021/5/21 11:00,36.75,130.0,4.378005049,-6.612093479,--,--,--,--,--,--,--,--
262031,2021/5/21 11:00,37.0,120.0,-1.915866342,3.553298957,--,--,--,--,--,--,--,--
262032,2021/5/21 11:00,37.0,120.25,-1.009854337,3.851859699,0.001034762,3.661770154,3.206359198,0.336442762,0.280089384,0.016358886,2.681899162,0.039555804
262033,2021/5/21 11:00,37.0,120.5,-0.423588587,3.816734905,0.00100222,4.185199779,6.647755583,0.294903352,0.230843373,0.000842777,2.163959581,0.011691647
262034,2021/5/21 11:00,37.0,120.75,-0.025159297,3.547290769,0.000997193,4.498448459,6.841189572,0.247807715,0.259437135,0.001282742,2.413529967,0.011979475
262035,2021/5/21 11:00,37.0,121.0,0.158434451,3.172472252,0.000915365,4.844336786,6.937358767,0.120384914,0.279204596,0.001499792,2.670879171,0.012105646
262036,2021/5/21 11:00,37.0,121.25,0.444239004,2.850803094,0.000720765,5.10094878,7.035962625,0.024394481,0.988739912,0.001710975,2.782375551,0.012243646
262037,2021/5/21 11:00,37.0,121.5,0.644803603,2.694590198,0.000683556,5.241621067,7.049231539,4.44E-16,1.414215088,0.001969088,3.102603527,0.012446046
262038,2021/5/21 11:00,37.0,121.75,0.665245764,2.841097559,0.000704021,5.277478708,7.053127001,4.44E-16,1.414215088,0.002321061,3.719074793,0.012609018
262039,2021/5/21 11:00,37.0,122.0,0.301915279,2.854038272,0.000734115,5.189305687,7.034501827,4.44E-16,1.414215088,0.00212161,2.479649913,0.01284296
262040,2021/5/21 11:00,37.0,122.25,0.368255877,2.783788686,0.000761598,4.953013023,6.99104309,0.010477456,1.26369321,0.003770013,2.489373435,0.01552673
262041,2021/5/21 11:00,37.0,122.5,0.806798086,3.495527916,0.000823712,4.576507786,4.539459015,0.098900837,0.211054332,0.012528255,2.65726624,0.032036779
262042,2021/5/21 11:00,37.0,122.75,1.357579331,4.113909142,0.000877339,4.21103567,4.443655019,0.153087277,0.238547504,0.010832922,3.596558422,0.032608493
262043,2021/5/21 11:00,37.0,123.0,1.775293678,4.003450911,0.00089082,3.901464697,4.382179774,0.195314601,0.248085951,0.010697999,4.510569447,0.032159008
262044,2021/5/21 11:00,37.0,123.25,1.838162966,3.144742153,0.000820546,3.734772635,4.230865459,0.136947762,0.258142323,0.008316321,5.14972893,0.029835352
262045,2021/5/21 11:00,37.0,123.5,1.891775426,2.570729086,--,--,--,--,--,--,--,--
262046,2021/5/21 11:00,37.0,123.75,1.837005862,2.028605634,--,--,--,--,--,--,--,--
262047,2021/5/21 11:00,37.0,124.0,1.635669861,1.278968601,--,--,--,--,--,--,--,--
262048,2021/5/21 11:00,37.0,124.25,1.551972711,0.672141583,--,--,--,--,--,--,--,--
262049,2021/5/21 11:00,37.0,124.5,1.844719885,0.046365663,--,--,--,--,--,--,--,--
262050,2021/5/21 11:00,37.0,124.75,2.330317635,-0.531806919,--,--,--,--,--,--,--,--
262051,2021/5/21 11:00,37.0,125.0,2.811672672,-1.090568431,0.000999772,6.005756604,6.721038945,0.256591845,0.209004214,0.016892711,5.526353331,0.029877409
262052,2021/5/21 11:00,37.0,125.25,2.872999155,-1.720503866,--,--,--,--,--,--,--,--
262053,2021/5/21 11:00,37.0,125.5,2.740317959,-2.163723295,--,--,--,--,--,--,--,--
262054,2021/5/21 11:00,37.0,125.75,2.727589821,-2.398966975,--,--,--,--,--,--,--,--
262055,2021/5/21 11:00,37.0,126.0,2.818615293,-2.393883124,--,--,--,--,--,--,--,--
262056,2021/5/21 11:00,37.0,126.25,2.748031982,-1.749620471,--,--,--,--,--,--,--,--
262057,2021/5/21 11:00,37.0,126.5,2.701362143,-1.189934622,--,--,--,--,--,--,--,--
262058,2021/5/21 11:00,37.0,126.75,2.417100394,-0.707430885,--,--,--,--,--,--,--,--
262059,2021/5/21 11:00,37.0,127.0,1.794193034,-0.407945806,--,--,--,--,--,--,--,--
262060,2021/5/21 11:00,37.0,127.25,1.401549262,-0.401013281,--,--,--,--,--,--,--,--
262061,2021/5/21 11:00,37.0,127.5,1.289310227,-0.478195393,--,--,--,--,--,--,--,--
262062,2021/5/21 11:00,37.0,127.75,1.314380802,-0.538739444,--,--,--,--,--,--,--,--
262063,2021/5/21 11:00,37.0,128.0,1.103787973,-0.331688032,--,--,--,--,--,--,--,--
262064,2021/5/21 11:00,37.0,128.25,1.216027008,-0.593275307,--,--,--,--,--,--,--,--
262065,2021/5/21 11:00,37.0,128.5,1.136958272,-0.722220271,--,--,--,--,--,--,--,--
262066,2021/5/21 11:00,37.0,128.75,1.040918685,-0.442146263,--,--,--,--,--,--,--,--
262067,2021/5/21 11:00,37.0,129.0,0.847682409,0.02787893,--,--,--,--,--,--,--,--
262068,2021/5/21 11:00,37.0,129.25,1.381878503,-1.650716448,--,--,--,--,--,--,--,--
262069,2021/5/21 11:00,37.0,129.5,2.633864441,-4.419566918,--,--,--,--,--,--,--,--
262070,2021/5/21 11:00,37.0,129.75,3.897421414,-6.495627059,--,--,--,--,--,--,--,--
262071,2021/5/21 11:00,37.0,130.0,5.112380041,-7.509162209,--,--,--,--,--,--,--,--
262072,2021/5/21 11:00,37.25,120.0,-1.900438296,2.460270855,--,--,--,--,--,--,--,--
262073,2021/5/21 11:00,37.25,120.25,-1.024510981,2.652995049,--,--,--,--,--,--,--,--
262074,2021/5/21 11:00,37.25,120.5,-0.525413691,2.634046147,0.000997259,4.048021314,6.806982554,0.31056662,0.263925816,0.000655059,2.130899607,0.011269761
262075,2021/5/21 11:00,37.25,120.75,-0.332948816,2.419600042,0.000979502,4.345088084,6.923237721,0.226799886,0.248647036,0.001130221,2.805063768,0.011260561
262076,2021/5/21 11:00,37.25,121.0,-0.269308126,2.133055676,0.000861378,4.701825647,6.988121494,0.118427006,0.323055558,0.001376602,3.206969325,0.010851819
262077,2021/5/21 11:00,37.25,121.25,-0.212610057,2.066041268,0.000777624,5.004317033,7.000781742,0.028310298,0.973029529,0.001540855,4.544925889,0.010949076
262078,2021/5/21 11:00,37.25,121.5,-0.193324999,2.435775933,0.000757192,5.151976963,7.020380781,0.02709322,0.972964788,0.002045349,4.6700352,0.011223761
262079,2021/5/21 11:00,37.25,121.75,-0.155140585,2.841097559,0.000777494,5.19077677,7.004677204,4.44E-16,1.414215088,0.002350392,4.779586876,0.011440618
262080,2021/5/21 11:00,37.25,122.0,-0.188310885,3.237637987,0.000683686,5.105086201,7.0072336,4.44E-16,1.414215088,0.002350392,4.288873155,0.011599647
262081,2021/5/21 11:00,37.25,122.25,-0.067200723,3.484898044,0.000748248,4.872930957,6.951966746,4.44E-16,1.414215088,0.001986687,2.884796644,0.011792847
262082,2021/5/21 11:00,37.25,122.5,0.348585118,4.256256988,0.000835332,4.484013459,4.289419108,0.067627218,0.602152253,0.007201742,2.847847263,0.025521868
262083,2021/5/21 11:00,37.25,122.75,0.969949674,4.858924491,0.000866438,3.934012403,4.223926669,0.106203307,0.269191385,0.006943629,3.411163277,0.02855261
262084,2021/5/21 11:00,37.25,123.0,1.49797455,4.809934648,0.00087042,3.443498254,4.14151332,0.084454647,0.660095084,0.006362875,4.124869759,0.027699639
262085,2021/5/21 11:00,37.25,123.25,1.693525034,3.764047716,0.000807066,3.2095961,3.809912197,0.06297057,0.210428507,0.002643702,3.19270816,0.023587241
262086,2021/5/21 11:00,37.25,123.5,1.75600862,3.05693017,--,--,--,--,--,--,--,--
262087,2021/5/21 11:00,37.25,123.75,1.648397999,2.495395648,--,--,--,--,--,--,--,--
262088,2021/5/21 11:00,37.25,124.0,1.385735515,1.895038986,--,--,--,--,--,--,--,--
262089,2021/5/21 11:00,37.25,124.25,1.441662182,1.414383922,--,--,--,--,--,--,--,--
262090,2021/5/21 11:00,37.25,124.5,1.687739517,0.718358416,--,--,--,--,--,--,--,--
262091,2021/5/21 11:00,37.25,124.75,2.061483932,-0.067789915,0.000684992,6.090711632,6.702535505,0.107155803,1.185464994,0.011906437,5.343551126,0.025839925
262092,2021/5/21 11:00,37.25,125.0,2.468784349,-0.814191769,0.001025459,6.005756604,6.811851881,0.57959383,0.218844784,0.018177409,4.649291687,0.034146207
262093,2021/5/21 11:00,37.25,125.25,2.618436395,-1.596180585,--,--,--,--,--,--,--,--
262094,2021/5/21 11:00,37.25,125.5,2.64350697,-2.017215934,--,--,--,--,--,--,--,--
262095,2021/5/21 11:00,37.25,125.75,2.738389453,-2.205780613,--,--,--,--,--,--,--,--
262096,2021/5/21 11:00,37.25,126.0,3.173074651,-2.259392139,--,--,--,--,--,--,--,--
262097,2021/5/21 11:00,37.25,126.25,3.820281184,-1.940958159,--,--,--,--,--,--,--,--
262098,2021/5/21 11:00,37.25,126.5,3.733498424,-1.390053509,--,--,--,--,--,--,--,--
262099,2021/5/21 11:00,37.25,126.75,3.066621133,-0.829443324,--,--,--,--,--,--,--,--
262100,2021/5/21 11:00,37.25,127.0,1.938445265,-0.367737161,--,--,--,--,--,--,--,--
262101,2021/5/21 11:00,37.25,127.25,1.4142774,-0.278076505,--,--,--,--,--,--,--,--
262102,2021/5/21 11:00,37.25,127.5,1.235312066,-0.509160671,--,--,--,--,--,--,--,--
262103,2021/5/21 11:00,37.25,127.75,1.302809767,-0.686171141,--,--,--,--,--,--,--,--
262104,2021/5/21 11:00,37.25,128.0,1.53153055,-0.528109572,--,--,--,--,--,--,--,--
262105,2021/5/21 11:00,37.25,128.25,1.614456298,-0.710666063,--,--,--,--,--,--,--,--
262106,2021/5/21 11:00,37.25,128.5,1.32055202,-1.046662439,--,--,--,--,--,--,--,--
262107,2021/5/21 11:00,37.25,128.75,1.0459328,-1.48387368,--,--,--,--,--,--,--,--
262108,2021/5/21 11:00,37.25,129.0,0.966864064,-1.891968316,--,--,--,--,--,--,--,--
262109,2021/5/21 11:00,37.25,129.25,2.717947292,-4.508303237,--,--,--,--,--,--,--,--
262110,2021/5/21 11:00,37.25,129.5,4.131927714,-6.526130169,--,--,--,--,--,--,--,--
262111,2021/5/21 11:00,37.25,129.75,5.04488234,-7.728229998,--,--,--,--,--,--,--,--
262112,2021/5/21 11:00,37.25,130.0,5.16213549,-7.736086859,--,--,--,--,--,--,--,--
262113,2021/5/21 11:00,37.5,120.0,-2.610128415,2.432078586,--,--,--,--,--,--,--,--
262114,2021/5/21 11:00,37.5,120.25,-1.704887812,1.740674764,--,--,--,--,--,--,--,--
262115,2021/5/21 11:00,37.5,120.5,-1.314172546,1.119520527,--,--,--,--,--,--,--,--
262116,2021/5/21 11:00,37.5,120.75,-1.346571443,0.623613908,--,--,--,--,--,--,--,--
262117,2021/5/21 11:00,37.5,121.0,-1.633533099,0.677225434,--,--,--,--,--,--,--,--
262118,2021/5/21 11:00,37.5,121.25,-1.62697618,1.177291568,0.000849465,4.827511277,6.94709742,0.090804621,0.280434668,0.000490805,5.460233384,0.009119591
262119,2021/5/21 11:00,37.5,121.5,-2.093674573,2.292503751,0.000858506,5.017005122,6.96523566,0.100117915,0.280154125,0.001159552,5.335124074,0.009484962
262120,2021/5/21 11:00,37.5,121.75,-2.475518713,3.488595391,0.000774034,5.121451996,6.969131121,0.018044508,1.234106759,0.002397321,6.536303102,0.010069819
262121,2021/5/21 11:00,37.5,122.0,-2.377936322,4.758171795,0.000682446,5.032635376,6.954401409,4.44E-16,1.414215088,0.002303462,5.510795696,0.010220962
262122,2021/5/21 11:00,37.5,122.25,-1.759657376,5.319706317,0.000682903,4.799192935,6.896821625,4.44E-16,1.414215088,0.001405933,3.511639667,0.010209133
262123,2021/5/21 11:00,37.5,122.5,-0.918057463,5.830402323,0.000723638,4.368257637,6.792374575,0.010742038,1.209526914,0.001998419,2.909429566,0.013142617
262124,2021/5/21 11:00,37.5,122.75,0.115235922,5.900651909,0.0007772,3.411042491,3.593592375,0.019526168,1.093209649,0.004333168,4.104774481,0.025738725
262125,2021/5/21 11:00,37.5,123.0,1.009676892,5.258237929,0.00080576,3.006035026,3.447147386,0.055932683,0.477958216,0.00448569,3.706110098,0.025857011
262126,2021/5/21 11:00,37.5,123.25,1.392678136,4.381504606,0.000852304,2.544298934,3.051636354,0.066674722,0.637932221,0.00363509,3.34763627,0.02307467
262127,2021/5/21 11:00,37.5,123.5,1.567400757,3.651740811,--,2.183240065,--,4.44E-16,1.414215088,0.00334178,3.630914864,0.0199677
262128,2021/5/21 11:00,37.5,123.75,1.48447501,3.010251168,--,--,--,--,--,--,--,--
262129,2021/5/21 11:00,37.5,124.0,1.103787973,2.372458872,--,--,--,--,--,--,--,--
262130,2021/5/21 11:00,37.5,124.25,1.058660938,2.011043237,--,--,--,--,--,--,--,--
262131,2021/5/21 11:00,37.5,124.5,1.363364848,1.357075049,--,--,--,--,--,--,--,--
262132,2021/5/21 11:00,37.5,124.75,1.842019977,0.554288658,0.001024937,6.043820869,6.966696458,0.39528585,0.221650209,0.011355014,4.51640356,0.028256896
262133,2021/5/21 11:00,37.5,125.0,2.30177575,-0.275765664,0.001344123,5.980380427,6.973513515,1.221946565,0.244201516,0.020295109,4.496308282,0.038811919
262134,2021/5/21 11:00,37.5,125.25,2.424043015,-1.118760699,--,--,--,--,--,--,--,--
262135,2021/5/21 11:00,37.5,125.5,2.705990557,-1.470470799,--,--,--,--,--,--,--,--
262136,2021/5/21 11:00,37.5,125.75,3.034222237,-1.512065949,--,--,--,--,--,--,--,--
262137,2021/5/21 11:00,37.5,126.0,3.384824583,-1.337366319,--,--,--,--,--,--,--,--
262138,2021/5/21 11:00,37.5,126.25,3.419923388,-1.102122639,--,--,--,--,--,--,--,--
262139,2021/5/21 11:00,37.5,126.5,3.117147984,-0.727304123,--,--,--,--,--,--,--,--
262140,2021/5/21 11:00,37.5,126.75,2.530496533,-0.413491826,--,--,--,--,--,--,--,--
262141,2021/5/21 11:00,37.5,127.0,1.859376529,-0.248497732,--,--,--,--,--,--,--,--
262142,2021/5/21 11:00,37.5,127.25,1.599799654,-0.492522611,--,--,--,--,--,--,--,--
262143,2021/5/21 11:00,37.5,127.5,1.399620756,-0.857173424,--,--,--,--,--,--,--,--
262144,2021/5/21 11:00,37.5,127.75,1.345622595,-1.125693224,--,--,--,--,--,--,--,--
262145,2021/5/21 11:00,37.5,128.0,1.483317906,-1.185312939,--,--,--,--,--,--,--,--
262146,2021/5/21 11:00,37.5,128.25,0.847682409,-1.090568431,--,--,--,--,--,--,--,--
262147,2021/5/21 11:00,37.5,128.5,0.357456245,-1.403918559,--,--,--,--,--,--,--,--
262148,2021/5/21 11:00,37.5,128.75,0.458124245,-2.006586062,--,--,--,--,--,--,--,--
262149,2021/5/21 11:00,37.5,129.0,1.676939884,-2.79643174,--,--,--,--,--,--,--,--
262150,2021/5/21 11:00,37.5,129.25,3.786339482,-5.112819414,--,--,--,--,--,--,--,--
262151,2021/5/21 11:00,37.5,129.5,4.728607395,-6.687889085,--,--,--,--,--,--,--,--
262152,2021/5/21 11:00,37.5,129.75,4.977770339,-7.585419983,--,--,--,--,--,--,--,--
262153,2021/5/21 11:00,37.5,130.0,4.684637464,-7.730078671,--,--,--,--,--,--,--,--
262154,2021/5/21 11:00,37.75,120.0,-2.55150184,3.032435248,0.000677256,2.579696862,2.955467159,0.030003625,0.928336939,0.003570562,4.434725979,0.015121931
262155,2021/5/21 11:00,37.75,120.25,-2.314295632,2.437162438,--,--,--,--,--,--,--,--
262156,2021/5/21 11:00,37.75,120.5,-3.082998027,2.190826718,--,--,--,--,--,--,--,--
262157,2021/5/21 11:00,37.75,120.75,-3.672735088,2.024908287,0.000705555,2.006985966,2.020313037,0.023918233,1.228064304,0.011642458,8.23078879,0.024986954
262158,2021/5/21 11:00,37.75,121.0,-3.989010032,2.339182752,0.000825017,2.377606872,2.223485678,0.162347655,0.234922031,0.018447255,7.016645066,0.03130078
262159,2021/5/21 11:00,37.75,121.25,-3.545839409,2.518041896,0.000891407,3.058258463,2.492515958,0.186265889,0.305359796,0.017092162,5.192512424,0.033081636
262160,2021/5/21 11:00,37.75,121.5,-3.61989403,3.230705462,0.000956197,4.283854265,6.60137525,0.218968252,0.315070885,0.000766517,3.648417203,0.009293076
262161,2021/5/21 11:00,37.75,121.75,-3.385773431,3.934125662,0.00087277,4.869529078,6.926159316,0.087153386,0.611323837,0.001511524,6.042996442,0.008942162
262162,2021/5/21 11:00,37.75,122.0,-2.971530394,4.981861267,0.000775894,4.825856309,6.918368394,0.006826221,1.200959575,0.001435264,5.421987533,0.008986848
262163,2021/5/21 11:00,37.75,122.25,-2.280353931,5.699608685,0.000682316,4.61245737,6.824025197,4.44E-16,1.414215088,0.000842777,3.477931459,0.008713477
262164,2021/5/21 11:00,37.75,122.5,-1.333071902,6.150684976,0.000685645,4.029448895,3.708386743,4.44E-16,1.414215088,0.004180647,3.1654823,0.02131747
262165,2021/5/21 11:00,37.75,122.75,-0.313278058,6.163625689,0.000779876,3.351739469,3.628286325,4.44E-16,1.414215088,0.00582905,3.401439756,0.024935697
262166,2021/5/21 11:00,37.75,123.0,0.590805442,5.583604434,0.000841272,2.970085442,3.546725109,0.087153386,0.411189085,0.004884592,3.331430401,0.023236327
262167,2021/5/21 11:00,37.75,123.25,1.005819881,4.84829462,0.000810395,2.529955877,2.283013193,0.05910767,0.361274088,0.009612752,3.346988035,0.030807923
262168,2021/5/21 11:00,37.75,123.5,1.258068434,4.141177074,--,--,--,--,--,--,--,--
262169,2021/5/21 11:00,37.75,123.75,1.323251928,3.567626175,--,--,--,--,--,--,--,--
262170,2021/5/21 11:00,37.75,124.0,1.019705122,3.08743328,--,--,--,--,--,--,--,--
262171,2021/5/21 11:00,37.75,124.25,0.801012569,2.667322267,--,--,--,--,--,--,--,--
262172,2021/5/21 11:00,37.75,124.5,0.8449825,1.840040955,0.001000784,6.091171345,7.03498876,0.321044076,0.279852002,0.008468842,4.43083657,0.024871297
262173,2021/5/21 11:00,37.75,124.75,1.205998778,0.912469115,0.001365372,5.998217305,7.079908295,0.889895868,0.318200013,0.013842285,4.409444823,0.032070951
262174,2021/5/21 11:00,37.75,125.0,1.740194873,-0.152828888,0.00135682,6.101468924,7.136514214,1.27904341,0.271608367,0.020189517,4.417871875,0.038743576
262175,2021/5/21 11:00,37.75,125.25,1.895632437,-0.870576305,--,--,--,--,--,--,--,--
262176,2021/5/21 11:00,37.75,125.5,2.223864117,-1.174220899,--,--,--,--,--,--,--,--
262177,2021/5/21 11:00,37.75,125.75,2.630778832,-1.023091855,--,--,--,--,--,--,--,--
262178,2021/5/21 11:00,37.75,126.0,2.942425363,-0.59235097,--,--,--,--,--,--,--,--
262179,2021/5/21 11:00,37.75,126.25,2.493083521,-0.239716534,--,--,--,--,--,--,--,--
262180,2021/5/21 11:00,37.75,126.5,2.169094554,-0.087663153,--,--,--,--,--,--,--,--
262181,2021/5/21 11:00,37.75,126.75,1.79612154,0.020946405,--,--,--,--,--,--,--,--
262182,2021/5/21 11:00,37.75,127.0,1.650326505,-0.288706377,--,--,--,--,--,--,--,--
262183,2021/5/21 11:00,37.75,127.25,1.317466411,-0.887214365,--,--,--,--,--,--,--,--
262184,2021/5/21 11:00,37.75,127.5,1.187485123,-1.080400728,--,--,--,--,--,--,--,--
262185,2021/5/21 11:00,37.75,127.75,1.168200065,-1.109055164,--,--,--,--,--,--,--,--
262186,2021/5/21 11:00,37.75,128.0,1.152386318,-1.274049258,--,--,--,--,--,--,--,--
262187,2021/5/21 11:00,37.75,128.25,0.194304658,-1.50051174,--,--,--,--,--,--,--,--
262188,2021/5/21 11:00,37.75,128.5,0.431896567,-2.076835649,--,--,--,--,--,--,--,--
262189,2021/5/21 11:00,37.75,128.75,1.241483284,-2.820002325,--,--,--,--,--,--,--,--
262190,2021/5/21 11:00,37.75,129.0,3.557618699,-4.134409057,--,--,--,--,--,--,--,--
262191,2021/5/21 11:00,37.75,129.25,4.196339806,-5.575912081,--,--,--,--,--,--,--,--
262192,2021/5/21 11:00,37.75,129.5,4.462859302,-6.908805547,--,--,--,--,--,--,--,--
262193,2021/5/21 11:00,37.75,129.75,4.049001966,-7.632561153,--,--,--,--,--,--,--,--
262194,2021/5/21 11:00,37.75,130.0,4.342906244,-8.002295818,--,--,--,--,--,--,--,--
262195,2021/5/21 11:00,38.0,120.0,-1.790127767,3.994669713,0.000806641,2.748411663,3.324562095,0.056144349,0.424460906,0.004579549,3.819551182,0.018497015
262196,2021/5/21 11:00,38.0,120.25,-1.986063952,3.5190985,0.000800929,2.758709242,3.420244358,0.058578505,0.509573205,0.006257283,3.93882638,0.021791927
262197,2021/5/21 11:00,38.0,120.5,-2.78600814,3.265830255,0.000918466,2.541356768,2.634578554,0.14843063,0.32767372,0.012481325,4.461951839,0.033299807
262198,2021/5/21 11:00,38.0,120.75,-3.793845249,3.338390683,0.000920032,2.644148674,2.620457508,0.166528055,0.306115103,0.017168422,4.613638775,0.035535406
262199,2021/5/21 11:00,38.0,121.0,-4.198060056,3.732620269,0.000930869,2.88292379,2.627761497,0.212142031,0.350095545,0.027164433,4.560483524,0.039717461
262200,2021/5/21 11:00,38.0,121.25,-3.736375778,3.904546888,0.001020204,3.276254536,2.663429312,0.281991739,0.366172793,0.034743569,3.734632427,0.049834828
262201,2021/5/21 11:00,38.0,121.5,-3.371888189,4.101892766,0.000983256,3.92978304,6.829503189,0.259290584,0.325925724,0.010668668,3.085101188,0.021635527
262202,2021/5/21 11:00,38.0,121.75,-3.07721251,4.702711596,0.000875316,4.486495912,6.883674444,0.142556905,0.28067205,0.000995298,4.756898659,0.008129934
262203,2021/5/21 11:00,38.0,122.0,-2.590843358,5.258237929,0.000784707,4.47472725,6.787018316,0.042015658,0.085349681,0.000766517,3.848073512,0.00802742
262204,2021/5/21 11:00,38.0,122.25,-2.065518389,5.833637501,0.000677779,4.140975355,3.594079308,0.000264582,1.407676288,0.004714472,4.09375449,0.016451987
262205,2021/5/21 11:00,38.0,122.5,-1.219675764,6.235723949,--,--,--,--,--,--,--,--
262206,2021/5/21 11:00,38.0,122.75,-0.510757047,6.214464206,--,--,--,--,--,--,--,--
262207,2021/5/21 11:00,38.0,123.0,0.261802359,5.793428856,--,--,--,--,--,--,--,--
262208,2021/5/21 11:00,38.0,123.25,0.771699282,5.144082352,--,--,--,--,--,--,--,--
262209,2021/5/21 11:00,38.0,123.5,1.047089904,4.531709313,--,--,--,--,--,--,--,--
262210,2021/5/21 11:00,38.0,123.75,1.080260203,3.966477445,--,--,--,--,--,--,--,--
262211,2021/5/21 11:00,38.0,124.0,0.695330454,3.64388395,--,--,--,--,--,--,--,--
262212,2021/5/21 11:00,38.0,124.25,0.524464844,3.304190227,--,--,--,--,--,--,--,--
262213,2021/5/21 11:00,38.0,124.5,0.472780889,2.516193223,0.000997324,6.199571754,7.109245986,0.333003193,0.455816933,0.01065107,4.833390362,0.025853068
262214,2021/5/21 11:00,38.0,124.75,0.498237165,1.487868687,0.001174167,6.192492168,7.376328536,0.772474275,0.282981131,0.016616999,4.986373768,0.032003922
262215,2021/5/21 11:00,38.0,125.0,0.913251604,0.274676818,0.00129784,6.274780858,7.460811348,1.134528596,0.288548822,0.019884475,5.022674915,0.036398891
262216,2021/5/21 11:00,38.0,125.25,1.291238733,-0.455549144,--,--,--,--,--,--,--,--
262217,2021/5/21 11:00,38.0,125.5,1.562772344,-0.8969199,--,--,--,--,--,--,--,--
262218,2021/5/21 11:00,38.0,125.75,1.87981869,-0.822048631,--,--,--,--,--,--,--,--
262219,2021/5/21 11:00,38.0,126.0,2.135924255,-0.347401755,--,--,--,--,--,--,--,--
262220,2021/5/21 11:00,38.0,126.25,1.874033173,0.385135049,--,--,--,--,--,--,--,--
262221,2021/5/21 11:00,38.0,126.5,1.464032849,0.441981754,--,--,--,--,--,--,--,--
262222,2021/5/21 11:00,38.0,126.75,1.131944157,0.028803266,--,--,--,--,--,--,--,--
262223,2021/5/21 11:00,38.0,127.0,1.067532065,-0.486976591,--,--,--,--,--,--,--,--
262224,2021/5/21 11:00,38.0,127.25,1.017776616,-1.084560243,--,--,--,--,--,--,--,--
262225,2021/5/21 11:00,38.0,127.5,1.285067514,-0.953766605,--,--,--,--,--,--,--,--
262226,2021/5/21 11:00,38.0,127.75,1.363364848,-0.854862582,--,--,--,--,--,--,--,--
262227,2021/5/21 11:00,38.0,128.0,0.617418821,-1.117836362,--,--,--,--,--,--,--,--
262228,2021/5/21 11:00,38.0,128.25,-0.128912907,-1.16266669,--,--,--,--,--,--,--,--
262229,2021/5/21 11:00,38.0,128.5,0.419168429,-1.721428202,--,--,--,--,--,--,--,--
262230,2021/5/21 11:00,38.0,128.75,2.265905543,-2.937855249,--,--,--,--,--,--,--,--
262231,2021/5/21 11:00,38.0,129.0,4.138870335,-4.896986803,--,--,--,--,--,--,--,--
262232,2021/5/21 11:00,38.0,129.25,3.985361276,-6.047323779,--,--,--,--,--,--,--,--
262233,2021/5/21 11:00,38.0,129.5,3.591946102,-6.759525176,--,--,--,--,--,--,--,--
262234,2021/5/21 11:00,38.0,129.75,3.346640169,-7.399166146,--,--,--,--,--,--,--,--
262235,2021/5/21 11:00,38.0,130.0,4.258823393,-8.085486117,--,--,--,--,--,--,--,--
