,time
0,2021_5_24 5_00
1,2021_5_12 2_00
2,2021_5_12 7_00
3,2021_5_30 22_00
4,2021_5_15 10_00
5,2021_5_4 17_00
6,2021_5_8 20_00
7,2021_5_16 22_00
8,2021_5_1 10_00
9,2021_5_1 11_00
10,2021_5_22 8_00
11,2021_5_3 7_00
12,2021_5_3 22_00
13,2021_5_11 7_00
14,2021_5_18 0_00
15,2021_5_17 7_00
16,2021_5_5 0_00
17,2021_5_31 3_00
18,2021_5_1 3_00
19,2021_5_2 12_00
20,2021_5_15 9_00
21,2021_5_6 18_00
22,2021_5_14 7_00
23,2021_5_27 3_00
24,2021_5_18 1_00
25,2021_5_25 7_00
26,2021_5_30 3_00
27,2021_5_3 14_00
28,2021_5_8 12_00
29,2021_5_10 16_00
30,2021_5_27 10_00
31,2021_5_3 0_00
32,2021_5_17 10_00
33,2021_5_7 3_00
34,2021_5_26 16_00
35,2021_5_9 19_00
36,2021_5_8 1_00
37,2021_5_9 2_00
38,2021_5_29 2_00
39,2021_5_8 22_00
40,2021_5_24 0_00
41,2021_5_9 1_00
42,2021_5_7 0_00
43,2021_5_1 9_00
44,2021_5_4 5_00
45,2021_5_15 8_00
46,2021_5_27 0_00
47,2021_5_29 23_00
48,2021_5_16 9_00
49,2021_5_30 7_00
50,2021_5_28 21_00
51,2021_5_24 4_00
52,2021_5_4 3_00
53,2021_5_15 13_00
54,2021_5_24 11_00
55,2021_5_14 4_00
56,2021_5_21 1_00
57,2021_5_27 9_00
58,2021_5_24 3_00
59,2021_5_29 15_00
60,2021_5_12 10_00
61,2021_5_2 22_00
62,2021_5_7 15_00
63,2021_5_20 6_00
64,2021_5_2 11_00
65,2021_5_21 9_00
66,2021_5_22 2_00
67,2021_5_25 14_00
68,2021_5_6 22_00
69,2021_5_2 14_00
70,2021_5_8 23_00
71,2021_5_30 10_00
72,2021_5_18 3_00
73,2021_5_7 17_00
74,2021_5_6 15_00
75,2021_5_20 23_00
76,2021_5_13 2_00
77,2021_5_13 19_00
78,2021_5_23 14_00
79,2021_5_26 8_00
80,2021_5_25 12_00
81,2021_5_16 13_00
82,2021_5_4 7_00
83,2021_5_18 19_00
84,2021_5_3 8_00
85,2021_5_4 22_00
86,2021_5_15 20_00
87,2021_5_8 18_00
88,2021_5_7 12_00
89,2021_5_3 20_00
90,2021_5_13 6_00
91,2021_5_16 1_00
92,2021_5_18 9_00
93,2021_5_28 2_00
94,2021_5_10 13_00
95,2021_5_6 4_00
96,2021_5_3 4_00
97,2021_5_9 22_00
98,2021_5_11 0_00
99,2021_5_5 21_00
100,2021_5_6 13_00
101,2021_5_24 18_00
102,2021_5_4 13_00
103,2021_5_6 23_00
104,2021_5_8 13_00
105,2021_5_31 20_00
106,2021_5_12 23_00
107,2021_5_24 12_00
108,2021_5_5 23_00
109,2021_5_19 21_00
110,2021_5_19 9_00
111,2021_5_8 19_00
112,2021_5_9 14_00
113,2021_5_2 16_00
114,2021_5_10 4_00
115,2021_5_31 12_00
116,2021_5_25 15_00
117,2021_5_5 5_00
118,2021_5_7 10_00
119,2021_5_5 17_00
120,2021_5_12 19_00
121,2021_5_29 14_00
122,2021_5_24 22_00
123,2021_5_28 20_00
124,2021_5_17 3_00
125,2021_5_21 16_00
126,2021_5_31 8_00
127,2021_5_24 19_00
128,2021_5_6 20_00
129,2021_5_30 4_00
130,2021_5_27 7_00
131,2021_5_29 22_00
132,2021_5_1 14_00
133,2021_5_25 9_00
134,2021_5_17 1_00
135,2021_5_10 15_00
136,2021_5_14 15_00
137,2021_5_19 0_00
138,2021_5_10 8_00
139,2021_5_4 20_00
140,2021_5_12 21_00
141,2021_5_23 2_00
142,2021_5_15 15_00
143,2021_5_3 15_00
144,2021_5_19 4_00
145,2021_5_30 19_00
146,2021_5_16 17_00
147,2021_5_22 15_00
148,2021_5_22 10_00
149,2021_5_28 18_00
150,2021_5_9 12_00
151,2021_5_2 23_00
152,2021_5_2 3_00
153,2021_5_12 18_00
154,2021_5_24 16_00
155,2021_5_21 21_00
156,2021_5_30 14_00
157,2021_5_31 21_00
158,2021_5_14 11_00
159,2021_5_4 16_00
160,2021_5_13 7_00
161,2021_5_21 4_00
162,2021_5_9 0_00
163,2021_5_25 6_00
164,2021_5_14 18_00
165,2021_5_4 19_00
166,2021_5_7 2_00
167,2021_5_14 8_00
168,2021_5_20 5_00
169,2021_5_20 15_00
170,2021_5_23 4_00
171,2021_5_30 11_00
172,2021_5_29 7_00
173,2021_5_26 18_00
174,2021_5_12 16_00
175,2021_5_26 22_00
176,2021_5_30 2_00
177,2021_5_13 16_00
178,2021_5_26 4_00
179,2021_5_3 13_00
180,2021_5_23 1_00
181,2021_5_16 14_00
182,2021_5_13 14_00
183,2021_5_15 16_00
184,2021_5_22 20_00
185,2021_5_2 5_00
186,2021_5_7 20_00
187,2021_5_12 0_00
188,2021_5_24 21_00
189,2021_5_22 12_00
190,2021_5_20 4_00
191,2021_5_26 7_00
192,2021_5_23 11_00
193,2021_5_9 13_00
194,2021_5_14 23_00
195,2021_5_3 11_00
196,2021_5_8 5_00
197,2021_5_12 1_00
198,2021_5_23 17_00
199,2021_5_19 22_00
200,2021_5_9 16_00
201,2021_5_20 14_00
202,2021_5_18 5_00
203,2021_5_7 6_00
204,2021_5_24 6_00
205,2021_5_24 15_00
206,2021_5_10 19_00
207,2021_5_25 3_00
208,2021_5_26 9_00
209,2021_5_9 18_00
210,2021_5_14 10_00
211,2021_5_11 14_00
212,2021_5_25 16_00
213,2021_5_6 11_00
214,2021_5_17 18_00
215,2021_5_28 8_00
216,2021_5_5 11_00
217,2021_5_5 15_00
218,2021_5_6 0_00
219,2021_5_27 22_00
220,2021_5_17 17_00
221,2021_5_26 11_00
222,2021_5_1 15_00
223,2021_5_31 5_00
224,2021_5_6 17_00
225,2021_5_8 4_00
226,2021_5_15 22_00
227,2021_5_5 2_00
228,2021_5_6 16_00
229,2021_5_2 10_00
230,2021_5_2 13_00
231,2021_5_30 16_00
232,2021_5_19 1_00
233,2021_5_1 16_00
234,2021_5_12 14_00
235,2021_5_13 13_00
236,2021_5_7 8_00
237,2021_5_8 8_00
238,2021_5_8 0_00
239,2021_5_16 16_00
240,2021_5_5 13_00
241,2021_5_5 20_00
242,2021_5_1 6_00
243,2021_5_18 8_00
244,2021_5_4 23_00
245,2021_5_21 0_00
246,2021_5_21 10_00
247,2021_5_26 2_00
248,2021_5_2 19_00
249,2021_5_2 8_00
250,2021_5_31 23_00
251,2021_5_14 14_00
252,2021_5_29 9_00
253,2021_5_13 8_00
254,2021_5_17 19_00
255,2021_5_16 6_00
256,2021_5_14 19_00
257,2021_5_28 3_00
258,2021_5_22 1_00
259,2021_5_25 8_00
260,2021_5_27 16_00
261,2021_5_4 1_00
262,2021_5_20 12_00
263,2021_5_14 21_00
264,2021_5_20 17_00
265,2021_5_22 16_00
266,2021_5_11 18_00
267,2021_5_15 5_00
268,2021_5_25 5_00
269,2021_5_18 7_00
270,2021_5_29 21_00
271,2021_5_23 23_00
272,2021_5_5 7_00
273,2021_5_24 10_00
274,2021_5_22 7_00
275,2021_5_29 0_00
276,2021_5_6 9_00
277,2021_5_26 1_00
278,2021_5_27 8_00
279,2021_5_28 12_00
280,2021_5_13 4_00
281,2021_5_1 1_00
282,2021_5_20 3_00
283,2021_5_9 15_00
284,2021_5_15 14_00
285,2021_5_23 8_00
286,2021_5_8 9_00
287,2021_5_15 7_00
288,2021_5_14 9_00
289,2021_5_18 13_00
290,2021_5_6 3_00
291,2021_5_21 13_00
292,2021_5_1 22_00
293,2021_5_3 6_00
294,2021_5_12 9_00
295,2021_5_5 1_00
296,2021_5_1 19_00
297,2021_5_6 14_00
298,2021_5_4 6_00
299,2021_5_30 9_00
300,2021_5_22 4_00
301,2021_5_3 9_00
302,2021_5_13 9_00
303,2021_5_15 4_00
304,2021_5_7 1_00
305,2021_5_24 8_00
306,2021_5_11 22_00
307,2021_5_25 10_00
308,2021_5_23 21_00
309,2021_5_26 0_00
310,2021_5_7 21_00
311,2021_5_20 9_00
312,2021_5_23 9_00
313,2021_5_1 23_00
314,2021_5_25 23_00
315,2021_5_9 7_00
316,2021_5_12 4_00
317,2021_5_17 12_00
318,2021_5_28 15_00
319,2021_5_5 19_00
320,2021_5_1 17_00
321,2021_5_25 4_00
322,2021_5_31 0_00
323,2021_5_25 19_00
324,2021_5_31 9_00
325,2021_5_10 7_00
326,2021_5_9 23_00
327,2021_5_5 12_00
328,2021_5_15 19_00
329,2021_5_21 3_00
330,2021_5_23 10_00
331,2021_5_9 21_00
332,2021_5_11 5_00
333,2021_5_28 10_00
334,2021_5_15 3_00
335,2021_5_3 12_00
336,2021_5_11 6_00
337,2021_5_8 11_00
338,2021_5_2 9_00
339,2021_5_27 1_00
340,2021_5_22 14_00
341,2021_5_26 6_00
342,2021_5_17 9_00
343,2021_5_17 13_00
344,2021_5_17 5_00
345,2021_5_10 9_00
346,2021_5_18 12_00
347,2021_5_13 5_00
348,2021_5_18 2_00
349,2021_5_20 13_00
350,2021_5_21 12_00
351,2021_5_18 4_00
352,2021_5_30 0_00
353,2021_5_13 22_00
354,2021_5_23 20_00
355,2021_5_9 20_00
356,2021_5_29 13_00
357,2021_5_5 14_00
358,2021_5_27 2_00
359,2021_5_6 19_00
360,2021_5_9 5_00
361,2021_5_24 2_00
362,2021_5_22 21_00
363,2021_5_17 21_00
364,2021_5_7 18_00
365,2021_5_8 7_00
366,2021_5_29 19_00
367,2021_5_7 9_00
368,2021_5_18 18_00
369,2021_5_7 7_00
370,2021_5_5 9_00
371,2021_5_3 23_00
372,2021_5_26 15_00
373,2021_5_4 9_00
374,2021_5_7 5_00
375,2021_5_31 10_00
376,2021_5_9 11_00
377,2021_5_23 0_00
378,2021_5_19 8_00
379,2021_5_3 2_00
380,2021_5_1 20_00
381,2021_5_12 6_00
382,2021_5_23 13_00
383,2021_5_26 13_00
384,2021_5_3 21_00
385,2021_5_30 17_00
386,2021_5_31 7_00
387,2021_5_13 21_00
388,2021_5_30 1_00
389,2021_5_31 16_00
390,2021_5_16 0_00
391,2021_5_10 17_00
392,2021_5_4 15_00
393,2021_5_19 15_00
394,2021_5_28 0_00
395,2021_5_14 16_00
396,2021_5_13 23_00
397,2021_5_20 10_00
398,2021_5_30 23_00
399,2021_5_14 6_00
400,2021_5_25 18_00
401,2021_5_17 4_00
402,2021_5_10 10_00
403,2021_5_28 22_00
404,2021_5_26 20_00
405,2021_5_18 21_00
406,2021_5_23 19_00
407,2021_5_29 16_00
408,2021_5_20 20_00
409,2021_5_27 11_00
410,2021_5_4 0_00
411,2021_5_18 22_00
412,2021_5_29 18_00
413,2021_5_16 2_00
414,2021_5_25 22_00
415,2021_5_27 17_00
416,2021_5_26 14_00
417,2021_5_5 8_00
418,2021_5_27 6_00
419,2021_5_14 20_00
420,2021_5_3 17_00
421,2021_5_31 17_00
422,2021_5_6 12_00
423,2021_5_6 10_00
424,2021_5_10 22_00
425,2021_5_16 20_00
426,2021_5_10 11_00
427,2021_5_19 23_00
428,2021_5_7 11_00
429,2021_5_23 5_00
430,2021_5_10 12_00
431,2021_5_19 5_00
432,2021_5_22 5_00
433,2021_5_24 1_00
434,2021_5_5 10_00
435,2021_5_4 12_00
436,2021_5_31 13_00
437,2021_5_22 0_00
438,2021_5_22 11_00
439,2021_5_11 1_00
440,2021_5_2 17_00
441,2021_5_14 12_00
442,2021_5_20 0_00
443,2021_5_21 22_00
444,2021_5_6 6_00
445,2021_5_8 6_00
446,2021_5_17 15_00
447,2021_5_28 14_00
448,2021_5_18 11_00
449,2021_5_18 17_00
450,2021_5_15 1_00
451,2021_5_16 11_00
452,2021_5_7 23_00
453,2021_5_26 17_00
454,2021_5_10 2_00
455,2021_5_25 0_00
456,2021_5_17 23_00
457,2021_5_24 13_00
458,2021_5_24 20_00
459,2021_5_19 16_00
460,2021_5_20 1_00
461,2021_5_25 21_00
462,2021_5_16 19_00
463,2021_5_10 1_00
464,2021_5_5 16_00
465,2021_5_23 18_00
466,2021_5_21 5_00
467,2021_5_7 14_00
468,2021_5_31 14_00
469,2021_5_15 6_00
470,2021_5_13 18_00
471,2021_5_20 21_00
472,2021_5_27 13_00
473,2021_5_19 13_00
474,2021_5_27 21_00
475,2021_5_28 11_00
476,2021_5_31 2_00
477,2021_5_25 13_00
478,2021_5_10 14_00
479,2021_5_15 18_00
480,2021_5_16 15_00
481,2021_5_18 15_00
482,2021_5_4 14_00
483,2021_5_12 3_00
484,2021_5_18 20_00
485,2021_5_6 21_00
486,2021_5_29 6_00
487,2021_5_2 2_00
488,2021_5_17 11_00
489,2021_5_13 12_00
490,2021_5_6 8_00
491,2021_5_11 17_00
492,2021_5_25 20_00
493,2021_5_15 17_00
494,2021_5_13 1_00
495,2021_5_29 4_00
496,2021_5_14 1_00
497,2021_5_4 18_00
498,2021_5_26 21_00
499,2021_5_27 5_00
500,2021_5_19 7_00
501,2021_5_27 23_00
502,2021_5_7 22_00
503,2021_5_12 5_00
504,2021_5_19 18_00
505,2021_5_23 22_00
506,2021_5_25 1_00
507,2021_5_29 5_00
508,2021_5_7 13_00
509,2021_5_21 14_00
510,2021_5_11 10_00
511,2021_5_27 14_00
512,2021_5_25 2_00
513,2021_5_27 19_00
514,2021_5_30 6_00
515,2021_5_1 21_00
516,2021_5_16 12_00
517,2021_5_24 7_00
518,2021_5_3 5_00
519,2021_5_3 3_00
520,2021_5_1 18_00
521,2021_5_11 21_00
522,2021_5_8 16_00
523,2021_5_19 3_00
524,2021_5_22 22_00
525,2021_5_13 3_00
526,2021_5_18 10_00
527,2021_5_15 23_00
528,2021_5_25 17_00
529,2021_5_16 23_00
530,2021_5_5 6_00
531,2021_5_8 10_00
532,2021_5_22 13_00
533,2021_5_7 4_00
534,2021_5_12 15_00
535,2021_5_29 11_00
536,2021_5_13 17_00
537,2021_5_11 2_00
538,2021_5_6 7_00
539,2021_5_24 23_00
540,2021_5_2 1_00
541,2021_5_26 19_00
542,2021_5_28 4_00
543,2021_5_30 20_00
544,2021_5_17 16_00
545,2021_5_26 3_00
546,2021_5_29 1_00
547,2021_5_30 21_00
548,2021_5_12 22_00
549,2021_5_21 17_00
550,2021_5_3 18_00
551,2021_5_2 0_00
552,2021_5_18 16_00
553,2021_5_29 10_00
554,2021_5_4 11_00
555,2021_5_11 15_00
556,2021_5_16 3_00
557,2021_5_28 5_00
558,2021_5_11 16_00
559,2021_5_20 11_00
560,2021_5_16 7_00
561,2021_5_19 20_00
562,2021_5_20 16_00
563,2021_5_31 15_00
564,2021_5_10 5_00
565,2021_5_8 21_00
566,2021_5_1 2_00
567,2021_5_15 21_00
568,2021_5_27 20_00
569,2021_5_19 14_00
570,2021_5_5 4_00
571,2021_5_31 11_00
572,2021_5_29 12_00
573,2021_5_20 22_00
574,2021_5_20 19_00
575,2021_5_31 18_00
576,2021_5_21 8_00
577,2021_5_8 17_00
578,2021_5_15 2_00
579,2021_5_22 23_00
580,2021_5_18 6_00
581,2021_5_28 6_00
582,2021_5_13 20_00
583,2021_5_31 4_00
584,2021_5_23 12_00
585,2021_5_14 17_00
586,2021_5_14 22_00
587,2021_5_16 4_00
588,2021_5_21 23_00
589,2021_5_31 6_00
590,2021_5_9 3_00
591,2021_5_13 10_00
592,2021_5_11 4_00
593,2021_5_8 15_00
594,2021_5_17 2_00
595,2021_5_3 16_00
596,2021_5_21 11_00
597,2021_5_5 18_00
598,2021_5_13 11_00
599,2021_5_8 3_00
600,2021_5_19 12_00
601,2021_5_28 9_00
602,2021_5_9 17_00
603,2021_5_30 15_00
604,2021_5_1 13_00
605,2021_5_26 23_00
606,2021_5_19 10_00
607,2021_5_2 4_00
608,2021_5_16 21_00
609,2021_5_24 9_00
610,2021_5_4 21_00
611,2021_5_20 2_00
612,2021_5_17 8_00
613,2021_5_31 22_00
614,2021_5_8 2_00
615,2021_5_17 22_00
616,2021_5_23 6_00
617,2021_5_13 15_00
618,2021_5_3 10_00
619,2021_5_29 17_00
620,2021_5_22 18_00
621,2021_5_21 6_00
622,2021_5_26 10_00
623,2021_5_9 8_00
624,2021_5_22 9_00
625,2021_5_5 3_00
626,2021_5_7 16_00
627,2021_5_10 0_00
628,2021_5_17 14_00
629,2021_5_10 18_00
630,2021_5_18 23_00
631,2021_5_13 0_00
632,2021_5_29 8_00
633,2021_5_28 7_00
634,2021_5_9 9_00
635,2021_5_19 17_00
636,2021_5_20 7_00
637,2021_5_30 13_00
638,2021_5_11 12_00
639,2021_5_12 8_00
640,2021_5_28 13_00
641,2021_5_15 11_00
642,2021_5_6 5_00
643,2021_5_17 20_00
644,2021_5_21 7_00
645,2021_5_14 3_00
646,2021_5_21 18_00
647,2021_5_4 2_00
648,2021_5_28 1_00
649,2021_5_9 4_00
650,2021_5_31 1_00
651,2021_5_2 7_00
652,2021_5_3 1_00
653,2021_5_1 5_00
654,2021_5_31 19_00
655,2021_5_2 6_00
656,2021_5_12 12_00
657,2021_5_1 0_00
658,2021_5_20 8_00
659,2021_5_26 5_00
660,2021_5_10 3_00
661,2021_5_28 23_00
662,2021_5_22 17_00
663,2021_5_3 19_00
664,2021_5_27 18_00
665,2021_5_22 3_00
666,2021_5_29 20_00
667,2021_5_2 15_00
668,2021_5_26 12_00
669,2021_5_11 19_00
670,2021_5_11 23_00
671,2021_5_12 20_00
672,2021_5_27 12_00
673,2021_5_10 21_00
674,2021_5_23 15_00
675,2021_5_23 7_00
676,2021_5_24 17_00
677,2021_5_29 3_00
678,2021_5_6 2_00
679,2021_5_10 6_00
680,2021_5_6 1_00
681,2021_5_19 19_00
682,2021_5_1 12_00
683,2021_5_9 10_00
684,2021_5_1 8_00
685,2021_5_19 6_00
686,2021_5_20 18_00
687,2021_5_30 18_00
688,2021_5_10 23_00
689,2021_5_12 17_00
690,2021_5_15 12_00
691,2021_5_1 4_00
692,2021_5_14 0_00
693,2021_5_22 19_00
694,2021_5_21 2_00
695,2021_5_27 4_00
696,2021_5_17 6_00
697,2021_5_11 11_00
698,2021_5_4 4_00
699,2021_5_18 14_00
700,2021_5_19 2_00
701,2021_5_27 15_00
702,2021_5_1 7_00
703,2021_5_2 21_00
704,2021_5_21 19_00
705,2021_5_2 18_00
706,2021_5_5 22_00
707,2021_5_30 12_00
708,2021_5_15 0_00
709,2021_5_14 5_00
710,2021_5_11 20_00
711,2021_5_17 0_00
712,2021_5_21 20_00
713,2021_5_4 8_00
714,2021_5_23 16_00
715,2021_5_22 6_00
716,2021_5_21 15_00
717,2021_5_11 9_00
718,2021_5_23 3_00
719,2021_5_24 14_00
720,2021_5_11 13_00
721,2021_5_2 20_00
722,2021_5_28 16_00
723,2021_5_11 8_00
724,2021_5_14 2_00
725,2021_5_28 19_00
726,2021_5_9 6_00
727,2021_5_16 18_00
728,2021_5_10 20_00
729,2021_5_19 11_00
730,2021_5_16 5_00
731,2021_5_12 13_00
732,2021_5_7 19_00
733,2021_5_28 17_00
734,2021_5_30 8_00
735,2021_5_11 3_00
736,2021_5_4 10_00
737,2021_5_16 10_00
738,2021_5_14 13_00
739,2021_5_16 8_00
740,2021_5_12 11_00
741,2021_5_8 14_00
742,2021_5_25 11_00
743,2021_5_30 5_00
